{
    "duration-1": 20.731343030929565,
    "iterations-1": 1001,
    "throughput-1": 43.4125275269079,
    "duration": 20.731525897979736,
    "duration-0": 20.71968388557434,
    "iterations-0": 1000,
    "throughput-0": 43.38869284709071
}