{
    "duration-1": 59.31996560096741,
    "iterations-1": 991,
    "throughput-1": 15.003380244466724,
    "duration": 59.32004404067993,
    "duration-0": 59.27246975898743,
    "iterations-0": 1000,
    "throughput-0": 15.167243809065093
}