{
    "duration-1": 301.49684619903564,
    "iterations-1": 1000,
    "throughput-1": 2.981789067891336,
    "duration": 301.4970369338989,
    "duration-0": 301.2861969470978,
    "iterations-0": 1000,
    "throughput-0": 2.9838738352751473
}