{
    "duration-1": 8.754547357559204,
    "iterations-1": 150,
    "duration": 8.754754543304443,
    "duration-0": 8.746180772781372,
    "throughput-1": 5.597091202858186,
    "iterations-0": 150,
    "throughput-0": 5.6024453727838415
}