{
    "duration-1": 18.121337175369263,
    "iterations-1": 373,
    "throughput-1": 19.976450771637023,
    "duration": 18.121392011642456,
    "duration-0": 18.0446720123291,
    "iterations-0": 500,
    "throughput-0": 27.099411929786733
}