{
    "duration-1": 33.87387204170227,
    "iterations-1": 1002,
    "duration": 33.87399673461914,
    "duration-0": 33.844937324523926,
    "iterations-0": 1000,
    "throughput-1": 26.5986716514361,
    "throughput-0": 26.562318357392485
}