{
    "duration-1": 316.9647047519684,
    "iterations-1": 1000,
    "throughput-1": 3.1202212270729435,
    "duration": 316.96476316452026,
    "duration-0": 316.9198398590088,
    "iterations-0": 1000,
    "throughput-0": 3.1206629425282624
}